<?xml version="1.0" encoding="utf-8"?>
<SceneConfigurationToken xmlns:xsi="http://www.w3.org/2001/XMLSchema-instance" xmlns:xsd="http://www.w3.org/2001/XMLSchema">
  <WaterReflectionMapSize>1</WaterReflectionMapSize>
  <DirectionalShadowMapSize>2</DirectionalShadowMapSize>
  <DirectionalShadowDepthBias>0.005</DirectionalShadowDepthBias>
  <DirectionalShadowRange>512</DirectionalShadowRange>
  <DirectionalShadowCount>1</DirectionalShadowCount>
  <DirectionalLightCount>4</DirectionalLightCount>
  <PointLightCount>8</PointLightCount>
  <DirectionalShadowSize>
    <X>1024</X>
    <Y>1024</Y>
  </DirectionalShadowSize>
  <SceneConstructionTokens>
    <ConstructionToken>
      <FileName>Ox.Scene.dll</FileName>
      <TypeName>Ox.Scene.LightNamespace.AmbientLightToken</TypeName>
    </ConstructionToken>
    <ConstructionToken>
      <FileName>Ox.Scene.dll</FileName>
      <TypeName>Ox.Scene.LightNamespace.DirectionalLightToken</TypeName>
    </ConstructionToken>
    <ConstructionToken>
      <FileName>Ox.Scene.dll</FileName>
      <TypeName>Ox.Scene.LightNamespace.DirectionalLightWithShadowToken</TypeName>
    </ConstructionToken>
    <ConstructionToken>
      <FileName>Ox.Scene.dll</FileName>
      <TypeName>Ox.Scene.LightNamespace.PointLightToken</TypeName>
    </ConstructionToken>
    <ConstructionToken>
      <FileName>Ox.Scene.dll</FileName>
      <TypeName>Ox.Scene.Component.SceneComponentToken</TypeName>
    </ConstructionToken>
    <ConstructionToken>
      <FileName>Ox.Scene.dll</FileName>
      <TypeName>Ox.Scene.Component.BasicModelToken</TypeName>
    </ConstructionToken>
    <ConstructionToken>
      <FileName>Ox.Scene.dll</FileName>
      <TypeName>Ox.Scene.Component.StandardModelToken</TypeName>
    </ConstructionToken>
    <ConstructionToken>
      <FileName>Ox.Scene.dll</FileName>
      <TypeName>Ox.Scene.Component.AnimatedModelToken</TypeName>
    </ConstructionToken>
    <ConstructionToken>
      <FileName>Ox.Scene.dll</FileName>
      <TypeName>Ox.Scene.Component.SkyboxToken</TypeName>
    </ConstructionToken>
    <ConstructionToken>
      <FileName>Ox.Scene.dll</FileName>
      <TypeName>Ox.Scene.Component.WaterToken</TypeName>
    </ConstructionToken>
    <ConstructionToken>
      <FileName>Ox.Scene.dll</FileName>
      <TypeName>Ox.Scene.Component.TerrainToken</TypeName>
    </ConstructionToken>
    <ConstructionToken>
      <FileName>Ox.Scene.dll</FileName>
      <TypeName>Ox.Scene.Component.ParticleEmitterToken</TypeName>
    </ConstructionToken>
  </SceneConstructionTokens>
</SceneConfigurationToken>